"";"baseMean";"log2FoldChange";"lfcSE";"stat";"pvalue";"padj"
"Otu0001";5,30811668118334;0,9838463510444;1,56845681728255;0,62727028261382;0,530482079719423;0,998932861296266
"Otu0002";131,091902512779;1,58522619070933;1,32633206159734;1,19519555970034;0,232010632995809;0,998932861296266
"Otu0003";73,3490707634756;-2,78007867183833;1,05444725980195;-2,63652700122763;0,00837595338298987;0,998932861296266
"Otu0004";19,9133347442151;0,275470062834789;1,43572606307714;0,19186812158608;0,847845508763745;0,998932861296266
"Otu0005";69,1258779917007;0,413436104701294;1,11023111941885;0,372387422285288;0,709604417211227;0,998932861296266
"Otu0006";194,668774321641;-0,182649925447373;0,706308627150565;-0,258597896763956;0,79594550620127;0,998932861296266
"Otu0007";25,5685101077453;0,00866253246663263;1,41753133725721;0,00611099891688732;0,995124158660638;0,998932861296266
"Otu0008";13,9342805214336;-0,65539170976247;1,3548302307615;-0,483744527455736;0,628567188029836;0,998932861296266
"Otu0009";54,7140228638197;-1,26572725959173;1,51559812631728;-0,835133824470539;0,403642364005598;0,998932861296266
"Otu0010";568,906135770108;-0,0376055341144456;1,1297376904046;-0,0332869607111875;0,973445751843791;0,998932861296266
"Otu0011";129,740472338726;0,299936641480186;0,685746187479483;0,437387253413145;0,661830526660551;0,998932861296266
"Otu0012";87,7423859070867;-2,24423508555962;1,72338608556304;-1,30222421102258;0,192839751028316;0,998932861296266
"Otu0013";47,4553378027743;0,315290142726042;1,47874003587596;0,21321539626759;0,831158959884033;0,998932861296266
"Otu0014";92,5585490184243;0,781448027553824;1,52561547548533;0,512218209706631;0,608498300080062;0,998932861296266
"Otu0015";2,02024167201039;1,19233229300585;2,13213572826398;0,559219695631979;0,576011792984456;0,998932861296266
"Otu0016";9,31783894682427;-0,713035276920862;1,44468251740787;-0,493558458920255;0,621618044590449;0,998932861296266
"Otu0017";86,6301777219683;0,707486178874369;1,63166306504112;0,433598206659497;0,664580237274685;0,998932861296266
"Otu0018";1,60879227675877;-3,52372763866177;2,4367375092916;-1,44608421105077;0,148153583655253;0,998932861296266
"Otu0019";23,7509695871418;0,725993939867256;1,50287412768135;0,483070355990042;0,629045781596878;0,998932861296266
"Otu0020";233,602980981652;-0,268171906490303;1,13813246420655;-0,235624512017817;0,813724051089587;0,998932861296266
"Otu0021";5,78323771322687;0,00220870156287602;1,21899684629618;0,00181190096560706;0,998554312984867;0,998932861296266
"Otu0022";1,00783632317933;-3,06986929943024;2,47326619381151;-1,24122074167007;0,21452421453671;0,998932861296266
"Otu0024";3,52959057479265;3,55933189111236;2,03899842511056;1,74562758228681;0,0808756861830439;0,998932861296266
"Otu0026";16,8743207698825;1,59160090435214;1,59559064171765;0,997499523210278;0,31852210511617;0,998932861296266
"Otu0027";45,4765615552827;0,303276462413995;0,75404185708685;0,402201097410782;0,687536034656034;0,998932861296266
"Otu0028";17,0398217704411;0,427613750373915;1,66292579330941;0,257145419293134;0,797066516541647;0,998932861296266
"Otu0029";7,4806307536743;-0,926579885026324;1,43128334765605;-0,647376975735618;0,517387993546033;0,998932861296266
"Otu0030";42,2396715060262;0,578682751500461;0,73248626725938;0,790025393466583;0,42951293849959;0,998932861296266
"Otu0031";43,094487551031;-0,0951391760685507;0,771014573832624;-0,123394783052705;0,901794488024822;0,998932861296266
"Otu0032";7,81982434438479;-0,282318292284268;2,02239494805673;-0,139596023296805;0,888979182805369;0,998932861296266
"Otu0033";1,19605375720662;0,124212155332569;2,19381664627469;0,0566192054124;0,954848535378407;0,998932861296266
"Otu0034";38,0713259050865;0,326758764282589;0,744369961643452;0,438973603342559;0,660680663144019;0,998932861296266
"Otu0035";8,78562619312871;1,65039973788203;1,98643132980464;0,830836542456437;0,406065975999735;0,998932861296266
"Otu0036";6,45890211188768;0,35399985986323;1,76439246901098;0,200635553642815;0,840983555527263;0,998932861296266
"Otu0037";9,23188897625399;1,3590725795236;1,73412386473381;0,783722897286932;0,433202724015688;0,998932861296266
"Otu0038";5,14409275084579;-1,45577025025858;2,22299840531766;-0,654867878796592;0,512552822755655;0,998932861296266
"Otu0039";6,75260725599361;0,172340833598032;1,79911732401595;0,0957918815507468;0,923685865292329;0,998932861296266
"Otu0040";14,0482655760121;0,469097606813108;1,6823784337622;0,278830016718709;0,780375277625481;0,998932861296266
"Otu0041";20,2376038170971;0,081975311140813;0,763796172814748;0,107326161165114;0,914530230799476;0,998932861296266
"Otu0042";1,13142223144713;-1,0689250211183;2,17687327415955;-0,491036861817781;0,623400376244338;0,998932861296266
"Otu0043";2,27848662133408;-0,739310073478027;2,40004569085438;-0,308039999528027;0,758051895972741;0,998932861296266
"Otu0044";4,60257051846287;0,227324399780459;1,56809438410079;0,144968569548711;0,88473568746826;0,998932861296266
"Otu0046";23,0345711500318;-1,85178874718887;1,79532612949167;-1,03144978328432;0,302329945517332;0,998932861296266
"Otu0048";0,402186180955769;0,467289677125715;2,97175390887738;0,157243732642129;0,875052763309557;0,998932861296266
"Otu0049";3,59452075580517;-0,652663716942021;2,09126299072878;-0,312090693440032;0,754971599121523;0,998932861296266
"Otu0050";11,2429989582793;0,440310443831061;2,06631229396612;0,213089979243128;0,831256780562682;0,998932861296266
"Otu0051";1,24245915938906;-0,476870921683012;2,37288014307759;-0,200967134001348;0,840724273016544;0,998932861296266
"Otu0052";0,470276126767053;-1,28248746888034;2,2610873576211;-0,567199433740432;0,570578692724209;0,998932861296266
"Otu0053";0,610971075378262;-2,69176886422831;2,99644322727483;-0,898321329677382;0,369014264267656;0,998932861296266
"Otu0054";2,62759014390816;-0,63375128775289;2,37961358224452;-0,266325294359396;0,789988694257978;0,998932861296266
"Otu0055";2,4580900726462;-0,505792963369858;2,16237926363878;-0,233905759213917;0,815058142021993;0,998932861296266
"Otu0056";22,6521114766081;-0,485461162470906;0,86207546563617;-0,563130702383067;0,573345886269005;0,998932861296266
"Otu0057";6,77262253392444;-1,09717644711879;2,11869522414927;-0,517854779022947;0,604559595105423;0,998932861296266
"Otu0058";0,974155129818716;-2,10153025004175;2,12000743601067;-0,991284376811576;0,321546739546246;0,998932861296266
"Otu0059";4,83659636877254;0,123336668411211;1,87576076341367;0,0657528778812665;0,947574573002146;0,998932861296266
"Otu0060";11,2907177125266;0,336744228653935;2,09197756454778;0,160969330819151;0,872117556063257;0,998932861296266
"Otu0061";5,10107208817591;0,0377262958990417;1,33601516303393;0,0282379249449309;0,977472389542968;0,998932861296266
"Otu0062";5,4008601691813;0,733643730879175;1,70814953817342;0,429496197191075;0,667562160741523;0,998932861296266
"Otu0063";1,65831069242044;-1,27506420441782;2,55186916437125;-0,499658925394781;0,617315259011367;0,998932861296266
"Otu0064";42,1286909043399;-1,85889425499603;1,32835230079938;-1,39939852844564;0,161693507934192;0,998932861296266
"Otu0065";3,67740609129348;-0,135765602823654;2,25171472696285;-0,0602943175696049;0,951921227636521;0,998932861296266
"Otu0066";1,87927322904586;-3,69039542383856;1,98941391693796;-1,85501639071606;0,0635938860036145;0,998932861296266
"Otu0067";1,35545018720511;-3,2902804113876;2,42344668983741;-1,35768631725435;0,174563240300031;0,998932861296266
"Otu0068";65,2919242921783;0,143737218171479;1,15328590034989;0,124632771568499;0,900814282711825;0,998932861296266
"Otu0069";1,24056212252809;2,37627647703901;2,12862918873692;1,1163412066378;0,264276109508344;0,998932861296266
"Otu0070";0,806682769337216;2,51726457575194;2,96483559750121;0,849040188897325;0,395858929859331;0,998932861296266
"Otu0071";3,22754681869268;-1,61590959259143;2,01699531427217;-0,801146924416395;0,42304659344546;0,998932861296266
"Otu0073";8,59601230702951;1,97990753223054;2,13129066972892;0,92897114427023;0,352904040799357;0,998932861296266
"Otu0074";11,3616604211833;0,289979800866426;1,75029310118553;0,165674995045123;0,868412725141922;0,998932861296266
"Otu0075";8,28308162466027;-0,216192750080798;2,31156373256966;-0,0935266231402869;0,925485200179277;0,998932861296266
"Otu0076";13,174652579451;0,509904845533055;1,92483172353062;0,264908791402172;0,791079725661828;0,998932861296266
"Otu0077";43,918411395065;-0,183649670402799;1,5208360447946;-0,120755732369298;0,903884513886874;0,998932861296266
"Otu0078";2,12991621522131;-4,42306582927407;2,5774818742457;-1,71604148741821;0,0861544493570494;0,998932861296266
"Otu0079";3,62416260287496;-3,88966150337727;2,11711199982733;-1,83724881049964;0,0661731729778294;0,998932861296266
"Otu0080";2,74383346059817;-0,194647848684418;1,83167814268947;-0,106267495444704;0,915370120403819;0,998932861296266
"Otu0082";2,21064414138913;-2,93435070634631;2,03874706385673;-1,43929119917178;0,150068035307477;0,998932861296266
"Otu0083";13,1057899978601;0,302232367223976;1,99290806597446;0,15165394349297;0,879459884662467;0,998932861296266
"Otu0084";4,19753497321583;-0,00317861227148401;2,15585081389242;-0,00147441198203552;0,998823589869502;0,998932861296266
"Otu0085";6,96639039723032;-2,37324877873877;2,0985552528147;-1,13089649441235;0,25809865896736;0,998932861296266
"Otu0086";0,92887773288546;-1,40967688214744;2,54517252806458;-0,553862996163722;0,579672611285001;0,998932861296266
"Otu0087";14,8415535302256;0,629673192441695;2,22616262339601;0,282851390021601;0,777290758598328;0,998932861296266
"Otu0088";0,645991721787208;1,1423915731632;2,39393413017696;0,47720259248685;0,633217865229855;0,998932861296266
"Otu0089";1,00919595620846;-1,87533924579732;1,90307458897734;-0,985426034617527;0,324414846658583;0,998932861296266
"Otu0090";2,61872978038971;-1,74534433911644;2,2059622532691;-0,791194108842952;0,428830728728787;0,998932861296266
"Otu0091";1,95906660238111;-2,19393271035624;2,71963555949021;-0,806700994440403;0,419838771057526;0,998932861296266
"Otu0092";2,05308336853425;1,90409902225939;2,38611513460119;0,797991259787904;0,424875562159521;0,998932861296266
"Otu0093";12,3480474321657;3,06288155201209;1,98149241040045;1,54574478102245;0,122166217612192;0,998932861296266
"Otu0094";30,079339158836;-0,477139692313901;1,57455080090128;-0,303032262941776;0,761865274581287;0,998932861296266
"Otu0095";2,90812252070971;-3,0009582369178;2,51567586742277;-1,19290337669462;0,232907216644359;0,998932861296266
"Otu0096";0,249087867418802;0,406929527897281;3,01722545777479;0,134868783785681;0,892715620938263;0,998932861296266
"Otu0097";1,7122475096661;-2,09070622997797;2,33298782756264;-0,89614965208036;0,370172841584084;0,998932861296266
"Otu0098";1,08391403894448;-3,45964436258489;2,89110491183974;-1,19665126935271;0,231442508218515;0,998932861296266
"Otu0099";1,89203005264008;-1,80357383369709;1,78900250800522;-1,00814494425059;0,31338488392889;0,998932861296266
"Otu0100";0,615872601350327;-0,793235440101418;2,79918337593406;-0,283381019950764;0,776884776218331;0,998932861296266
"Otu0101";0,992611193015215;0,418602657284473;2,37375207630902;0,176346410167385;0,860021803254542;0,998932861296266
"Otu0103";1,08279833059786;1,99738934014106;2,73842889889094;0,729392441392215;0,465761640073888;0,998932861296266
"Otu0104";6,1908486167606;1,27771438269251;2,00996269749289;0,635690594798724;0,524978107776174;0,998932861296266
"Otu0105";0,68026550727841;1,28059018258024;2,18365090160845;0,586444555600424;0,557576810131928;0,998932861296266
"Otu0106";14,9396769759965;0,911546378926001;2,09537384315587;0,435028041369988;0,663542073570038;0,998932861296266
"Otu0107";8,05747736864871;0,119258558141709;2,15275703900284;0,0553980574588901;0,955821343386162;0,998932861296266
"Otu0108";2,89276850256275;0,911834033868493;2,23483779958637;0,408009043894487;0,683267035215973;0,998932861296266
"Otu0110";1,75733500400269;1,76038033143561;2,16463661912651;0,81324519592853;0,416077491472315;0,998932861296266
"Otu0111";1,57415616848796;-1,6616335918316;1,92392819338303;-0,863667156366053;0,387770760866757;0,998932861296266
"Otu0112";9,35075949507864;-0,871610939951221;1,31883411023772;-0,660895053581918;0,508679618445646;0,998932861296266
"Otu0113";4,71979814088794;1,7798350360384;1,9735803841335;0,90183052605675;0,367146901274633;0,998932861296266
"Otu0114";6,10453876171086;0,137224136681613;2,31482822059879;0,05928048373547;0,952728705496795;0,998932861296266
"Otu0115";8,01878002126817;1,52669311533925;2,27999863584711;0,669602644201593;0,503111128005598;0,998932861296266
"Otu0116";0,901419252085576;-0,436109061350925;2,77646707889821;-0,157073377410254;0,875187018862683;0,998932861296266
"Otu0119";2,09329228904767;-0,659464124894406;2,40570082835435;-0,274125575849562;0,783988119690218;0,998932861296266
"Otu0120";1,44239184082762;-3,52905026178234;2,65033241037409;-1,33155005310607;0,183008086961173;0,998932861296266
"Otu0121";1,17660802120496;-0,671108779255159;2,37350492709867;-0,282750110013679;0,777368400678578;0,998932861296266
"Otu0122";7,24193352855104;0,916699731088806;1,74203112176565;0,526224657892264;0,598732123598724;0,998932861296266
"Otu0123";10,2391865667679;1,64105202398298;2,05018465279009;0,80044108307497;0,42345528617659;0,998932861296266
"Otu0124";8,1915080250358;0,650117852054038;2,19553734454756;0,29610876520436;0,767147020334652;0,998932861296266
"Otu0125";2,27046805937778;0,980665650609655;2,75085010403897;0,356495488129208;0,72146953040004;0,998932861296266
"Otu0127";1,7358488104815;3,79066092247047;2,24374056179677;1,68943815832029;0,0911354936342322;0,998932861296266
"Otu0128";0,459553975851807;0,429941416199702;3,00169098331838;0,143233070488955;0,886106112612341;0,998932861296266
"Otu0130";2,45529837263526;2,67529964784526;2,71908892104742;0,983895608244656;0,325166843277934;0,998932861296266
"Otu0131";11,7643809841929;1,10835355056722;1,86848927544076;0,59318164954721;0,553059592063072;0,998932861296266
"Otu0133";5,9048505235387;0,575915402868506;1,89804723177579;0,303425222105609;0,761565826663863;0,998932861296266
"Otu0134";5,1989119773117;-0,0753672839328651;1,9895395368709;-0,0378817724082031;0,969781946128102;0,998932861296266
"Otu0136";1,64251717632929;-1,62563225584013;2,9529698658336;-0,550507566856333;0,581971288311168;0,998932861296266
"Otu0138";24,5936176667719;0,792727019607232;1,61857619595515;0,489768119405358;0,624297992601149;0,998932861296266
"Otu0139";20,3729923775737;0,00419918123920755;1,49975613992814;0,00279990935020192;0,997765998476733;0,998932861296266
"Otu0140";3,20617455956019;0,207554096128057;2,40627797693554;0,0862552448709119;0,931263515243582;0,998932861296266
"Otu0141";5,00065815861653;3,31436820716674;1,7860028045685;1,85574636203749;0,0634897191554039;0,998932861296266
"Otu0142";0,985422670348022;1,90949833878739;2,70646712363054;0,70553169558769;0,480479414381801;0,998932861296266
"Otu0143";10,322407813411;-0,00958321764514211;1,80943160026205;-0,0052962585840516;0,995774216801561;0,998932861296266
"Otu0144";1,8412140826718;3,71827903782864;2,90511904698151;1,27990591011822;0,200578228829426;0,998932861296266
"Otu0145";13,0508347316386;-0,579233641271454;1,3555983950739;-0,427290002242794;0,669168113896905;0,998932861296266
"Otu0146";0,294107879757917;-1,30539911013769;3,01662314933986;-0,432735229265664;0,665207133122721;0,998932861296266
"Otu0148";1,42843405476509;-2,20229892109068;2,7152538517714;-0,811083987470979;0,417317440727378;0,998932861296266
"Otu0149";0,253081056951824;-1,15017622287108;3,02574053261733;-0,380130487221968;0,703848555876079;0,998932861296266
"Otu0150";15,2959014657885;0,148060067101948;1,28738410895868;0,115008462564998;0,908438414398984;0,998932861296266
"Otu0151";0,732677958023168;-0,294181373692455;3,00677818029816;-0,0978394001992136;0,922059820619558;0,998932861296266
"Otu0152";0,764347406370882;-1,76385620815372;2,57086878616936;-0,686093439557412;0,492654187650973;0,998932861296266
"Otu0153";17,063051425382;0,229353948771796;1,51752051248251;0,151137297245884;0,879867411470969;0,998932861296266
"Otu0154";0,898129441668526;1,30365339724126;2,73718661949927;0,476274941560158;0,633878515230011;0,998932861296266
"Otu0156";0,591937333349377;1,79814907336486;2,78717276576704;0,645151637333111;0,518828923555907;0,998932861296266
"Otu0157";2,24788486756339;0,0898899161585525;2,37818109161364;0,0377977591679364;0,969848931022135;0,998932861296266
"Otu0158";1,31106482254754;1,32692486406476;2,96638619502008;0,447320334180485;0,654643787247819;0,998932861296266
"Otu0159";10,1126593760899;1,83503126277413;1,51274173885388;1,21304993155304;0,225110730849826;0,998932861296266
"Otu0160";4,14406538632148;-1,3997565739244;2,57630976091601;-0,543318429778692;0,586910577202201;0,998932861296266
"Otu0161";0,279669607778796;-0,386408480364674;3,03537293984942;-0,127301813655835;0,898701524897497;0,998932861296266
"Otu0164";5,74323080877493;0,492684351147449;1,75660522225589;0,280475285456984;0,779112884180784;0,998932861296266
"Otu0167";0,940405853065585;-0,48405335173995;2,52273911206158;-0,191876103805431;0,847839256036795;0,998932861296266
"Otu0168";17,7961589206781;0,112557172007426;1,90840019053033;0,0589798578756941;0,952968151265531;0,998932861296266
"Otu0169";1,90847552159932;1,2445108617023;2,23302443023324;0,557320755139392;0,577308297510308;0,998932861296266
"Otu0170";1,12541501346108;2,61287955632191;2,47410260989565;1,05609183138614;0,290926262015644;0,998932861296266
"Otu0171";3,50649250834399;1,81093789945832;1,91191241658196;0,947186640848249;0,343543681504741;0,998932861296266
"Otu0172";1,75211869512977;1,25075443259451;2,19531400997144;0,569738282046849;0,568855221173902;0,998932861296266
"Otu0173";2,70022817084005;0,714894836123227;2,59108904362831;0,275905159601215;0,782620910891041;0,998932861296266
"Otu0174";4,24569062530233;-0,0431227548548589;2,24987505850584;-0,0191667331445049;0,984708095830349;0,998932861296266
"Otu0175";0,465225700911189;0,937506966739936;2,63805301429129;0,355378364900599;0,7223061547531;0,998932861296266
"Otu0176";0,894725046066095;-3,19815199268362;2,98938346919304;-1,06983664880803;0,284692842755102;0,998932861296266
"Otu0177";3,29841471064378;-4,14822776310811;2,24899208328775;-1,84448304373038;0,0651127747232712;0,998932861296266
"Otu0178";0,39686090035567;0,134956737367117;2,93168713105048;0,0460338130688451;0,963283299534993;0,998932861296266
"Otu0181";18,0152853202069;0,572479548657228;1,47116024294205;0,389134733217352;0,697176480983659;0,998932861296266
"Otu0183";7,80955129597827;-1,22757684285099;2,19082875635084;-0,560325328619343;0,575257554003319;0,998932861296266
"Otu0184";2,46604568646765;1,3909283187926;2,35332713701854;0,59104758404086;0,554488538640025;0,998932861296266
"Otu0185";0,419058157037177;-0,801736125374499;3,02417699167681;-0,265108863529169;0,790925599462496;0,998932861296266
"Otu0187";1,98102959582779;-0,0407700081611783;2,56618218742873;-0,0158874176435731;0,987324208002935;0,998932861296266
"Otu0188";0,196650013821362;0,489494403657921;3,03621934696467;0,161218392915937;0,871921395155822;0,998932861296266
"Otu0189";0,342553561558434;-1,80819140102253;3,01496836469164;-0,599738100803411;0,548680791724195;0,998932861296266
"Otu0190";1,56862101342623;1,63641592900431;2,5699136166671;0,636759118435492;0,524281758908846;0,998932861296266
"Otu0191";4,19572650271923;1,46825205885544;1,7747274953207;0,827311270449507;0,408060657348512;0,998932861296266
"Otu0192";0,425332403167632;1,92020773571913;3,00390355594071;0,639237478820386;0,522668454041848;0,998932861296266
"Otu0195";0,52691557573738;-0,289345814820331;2,62456802697872;-0,110245119138105;0,912214980429615;0,998932861296266
"Otu0196";2,05237985429273;3,92126988381029;1,92573654945056;2,03624420221399;0,0417258396941119;0,998932861296266
"Otu0197";1,62940693876193;0,551329434741778;2,51174218524802;0,219500806245103;0,826259951885483;0,998932861296266
"Otu0198";9,86632052269359;-0,225142308757957;1,87803061803873;-0,119882128968205;0,904576521385451;0,998932861296266
"Otu0200";1,03513337811837;-0,215846692787329;2,17312735824419;-0,0993253763837041;0,92087993059786;0,998932861296266
"Otu0201";3,64267822040729;-3,18297254892168;2,39528117536934;-1,3288513188565;0,18389702727435;0,998932861296266
"Otu0202";4,06786390737745;2,04358400861879;1,93711595267322;1,0549621491675;0,291442636212071;0,998932861296266
"Otu0205";1,13007313523006;1,86886099071087;2,54390660372711;0,734642139759681;0,462557466894776;0,998932861296266
"Otu0207";2,7504487339002;1,7592959772499;2,20590433527131;0,797539561947289;0,425137735864703;0,998932861296266
"Otu0209";1,30243949459499;0,43046632286701;2,21360604805174;0,194463835715427;0,845812710086028;0,998932861296266
"Otu0210";0,544547481313864;-1,55984218982434;3,01114482506351;-0,51802297147612;0,604442242023384;0,998932861296266
"Otu0213";2,58421385872117;4,83281374604371;2,34612181445786;2,05991594991434;0,039406576631124;0,998932861296266
"Otu0214";0,416163095837982;-1,23680631622151;3,0021102284011;-0,411978982157569;0,680354828546675;0,998932861296266
"Otu0215";3,92443761809666;1,01214581330063;2,21473642590054;0,457005087135405;0,647667389034272;0,998932861296266
"Otu0216";2,3366112464192;2,15524807689189;2,736309234561;0,787647846840551;0,430902719357251;0,998932861296266
"Otu0217";1,05476938035867;-3,35511835728336;2,91803879950216;-1,14978538251643;0,250232277230453;0,998932861296266
"Otu0219";0,416286067578113;-1,15017624081141;3,02574053237556;-0,380130493181576;0,703848551452435;0,998932861296266
"Otu0221";0,361605064387851;1,75800695160418;2,982501294853;0,589440465503914;0,555565838110895;0,998932861296266
"Otu0222";1,22739317299379;2,25380079759157;2,50454467470302;0,899884446205306;0,368181748211825;0,998932861296266
"Otu0223";2,88748679490311;-0,0237964841241293;1,88247071645344;-0,0126410912616807;0,989914137066743;0,998932861296266
"Otu0225";5,2632800776842;0,511936869814333;1,68334001560499;0,304119705507235;0,761036694606585;0,998932861296266
"Otu0226";0,323536283500317;-1,84267043306534;3,01417555412685;-0,611334807802569;0,540977951830617;0,998932861296266
"Otu0227";0,975480462275265;2,1252731082839;2,50520050172982;0,848344516463418;0,396246132507855;0,998932861296266
"Otu0228";0,89141949845425;1,10467502839215;2,74986705708098;0,401719430598501;0,687890522915383;0,998932861296266
"Otu0229";0,222766121547461;0,846941614680527;3,03025781115146;0,279494903556968;0,779865048623239;0,998932861296266
"Otu0231";0,913279531205202;-1,85273512159856;2,77036177906567;-0,668770099125253;0,503642143286032;0,998932861296266
"Otu0232";3,79273314332087;0,178290401396864;1,66546673605612;0,107051313326774;0,914748271459867;0,998932861296266
"Otu0233";0,700443579984872;-2,87354980540858;2,99362824358705;-0,95988866071273;0,337111253731547;0,998932861296266
"Otu0236";0,292867830604733;0,0975363362360879;3,03540436739085;0,0321328971137798;0,974366068845851;0,998932861296266
"Otu0237";3,85045001620217;-0,389033133432531;2,03973424922042;-0,190727362440091;0,848739200068961;0,998932861296266
"Otu0238";0,650198183619391;1,68050830428327;3,01439840221009;0,557493761624594;0,577190120179345;0,998932861296266
"Otu0239";4,98243127855407;2,30398524529588;2,2061428772595;1,04434996891857;0,296323502027395;0,998932861296266
"Otu0240";1,38674470158276;3,88100265188497;2,63568009776705;1,47248623046968;0,140889622641904;0,998932861296266
"Otu0241";3,71975267946521;2,70355633582179;2,20854931478049;1,22413220195199;0,220902359984039;0,998932861296266
"Otu0242";3,22896265540556;-1,06167090686932;1,75557532566223;-0,604742440469676;0,545350144056766;0,998932861296266
"Otu0244";6,43772872207443;-0,591529479364701;1,41356584352817;-0,418466166307671;0,67560631864223;0,998932861296266
"Otu0246";1,55780160814425;1,30891984677794;2,3544158255356;0,555942511336191;0,578250155553991;0,998932861296266
"Otu0247";1,35167761146655;3,14266418437107;2,92817311634782;1,07325081526968;0,283158596661395;0,998932861296266
"Otu0248";1,48311545474267;-0,221398226147275;2,03643110159845;-0,108718741318326;0,913425576544785;0,998932861296266
"Otu0250";0,342553561558434;-1,80819140102253;3,01496836469164;-0,599738100803411;0,548680791724195;0,998932861296266
"Otu0252";1,9470978144358;-1,13349167426294;2,56171407962825;-0,442473921378232;0,658146297541383;0,998932861296266
"Otu0254";4,51745077308254;-1,0677592888349;2,19184632131761;-0,48715061747259;0,626151597903779;0,998932861296266
"Otu0255";1,63075473505487;1,92938645366938;1,60099770488933;1,20511506529783;0,22815888470462;0,998932861296266
"Otu0258";4,35731175416555;0,286806516627632;1,52876131897309;0,187607125499675;0,851184640090131;0,998932861296266
"Otu0261";2,57644719826669;3,02269953381925;2,37063527092111;1,27505887172799;0,202288405213314;0,998932861296266
"Otu0263";0,100815771941592;1,190971068362;3,02266753174104;0,394013253477469;0,693571254260352;0,998932861296266
"Otu0265";0,302980879134581;-0,673806766217813;3,03199764067197;-0,222231955981496;0,824133318749118;0,998932861296266
"Otu0267";0,771264745398853;1,12876210031341;3,00531854372744;0,375588172731075;0,707223084864802;0,998932861296266
"Otu0268";1,78206265556403;4,2473052779606;2,24897186315158;1,88855420894802;0,0589515876899769;0,998932861296266
"Otu0269";2,14597337043886;1,16361278798288;2,00045115276216;0,581675181808963;0,560785491530322;0,998932861296266
"Otu0271";3,27310701508096;-0,212822615668568;1,87412616303471;-0,113558318466645;0,909587930582508;0,998932861296266
"Otu0273";0,44091950977883;-1,69661642631697;3,00816899432995;-0,564003029588728;0,572752070327312;0,998932861296266
"Otu0276";3,49358030634043;-0,584002138530645;2,22770466189504;-0,262154202269277;0,793202560163317;0,998932861296266
"Otu0278";0,495290593428462;-1,8411905410003;2,84278243445511;-0,647671984561567;0,517197127864346;0,998932861296266
"Otu0279";3,02190741152997;2,75810879419318;2,51902128466824;1,09491285801359;0,27355481536903;0,998932861296266
"Otu0280";1,2472410391649;-2,94371245998557;2,28343214611916;-1,28916134643571;0,197341999919373;0,998932861296266
"Otu0281";1,49121501167719;2,51930525137763;2,67074047238847;0,943298413838235;0,34552828696687;0,998932861296266
"Otu0282";0,436040258670222;1,24866689024129;3,01428814704758;0,414249344895685;0,678691507177087;0,998932861296266
"Otu0283";0,561326314212043;2,33318588774152;3,00436003362699;0,776599961930928;0,437394824014792;0,998932861296266
"Otu0286";5,37351571321625;-3,70878350014894;2,41230578209388;-1,53744335717245;0,124184775846528;0,998932861296266
"Otu0287";1,33050904846413;2,27873200590766;2,51528429907815;0,905954053282492;0,364960172314152;0,998932861296266
"Otu0289";0,222766121547461;0,846941614680527;3,03025781115146;0,279494903556968;0,779865048623239;0,998932861296266
"Otu0293";3,54709224029151;0,370488074598454;1,7736233348766;0,208887686191967;0,834535917114715;0,998932861296266
"Otu0294";5,85032013588402;1,87572636406001;2,2612515711726;0,829508042348126;0,406816987867075;0,998932861296266
"Otu0295";0,254514429633678;1,21047094867959;3,02228540459805;0,40051510252407;0,688777162121159;0,998932861296266
"Otu0296";6,7971833157392;-0,794757554978012;1,9510604423005;-0,40734645516205;0,68375354769067;0,998932861296266
"Otu0297";6,56665395065566;1,37510587432497;1,61067875621932;0,853743099929311;0,393247347741207;0,998932861296266
"Otu0298";0,781775758229186;-1,54242206236614;2,54597755465449;-0,605827046489993;0,544629607688157;0,998932861296266
"Otu0299";0,536431485920732;-1,85025262483375;3,01400358462863;-0,613885343159514;0,539291096226225;0,998932861296266
"Otu0300";4,06681178441138;-1,13881068082941;2,04692936358362;-0,556350747167774;0,577971101883145;0,998932861296266
"Otu0301";0,052232215452199;0,747244940125442;3,03276772140107;0,246390429063335;0,805380014415484;0,998932861296266
"Otu0302";0,573943997917871;2,16698380305032;3,00668867103414;0,72072104568944;0,471081161167188;0,998932861296266
"Otu0304";4,45744302984544;0,698124493766062;2,06475398239598;0,338115097352153;0,735276453817137;0,998932861296266
"Otu0307";2,80469848084645;0,304274562392466;2,56368962292924;0,118686193395285;0,905523975300515;0,998932861296266
"Otu0309";3,69744365387076;1,01030681116259;2,39222451192146;0,422329428583232;0,672784580783798;0,998932861296266
"Otu0311";1,01194318965887;-0,463617756333725;2,11889536758171;-0,21880162816291;0,82680457851522;0,998932861296266
"Otu0312";0,831718385336161;0,0268219570384996;2,37526361797182;0,0112922021941305;0,990990317688763;0,998932861296266
"Otu0313";1,56932362235057;4,09423745142195;2,83470428208425;1,44432612505584;0,148647260326897;0,998932861296266
"Otu0314";1,11447592518263;2,61342659501372;1,91958282358622;1,36145550111312;0,173369786906279;0,998932861296266
"Otu0315";0,750004773184747;2,33400149860223;2,31024748189014;1,01028202255312;0,312360191661743;0,998932861296266
"Otu0318";0,832605329223457;-0,276971446864353;2,76084063790534;-0,100321417709387;0,920089154394091;0,998932861296266
"Otu0319";2,00138386024814;-3,05901015216479;2,94251524646261;-1,03959024709973;0,298530309967387;0,998932861296266
"Otu0322";1,21555420127877;-0,837497948019371;2,52061308976926;-0,332259620256133;0,739693227861769;0,998932861296266
"Otu0324";1,13494488359342;2,15657032155128;2,9443058068712;0,732454596434393;0,463891145637555;0,998932861296266
"Otu0325";0,88727287767044;2,57288351945927;2,70550386865344;0,950981275343665;0,341613881250936;0,998932861296266
"Otu0327";2,19098902857596;-1,42694280548764;2,51340456811176;-0,567733035736324;0,570216255998044;0,998932861296266
"Otu0328";3,53809753841332;0,0888428382282869;2,08581118705658;0,0425939024488877;0,966025256221674;0,998932861296266
"Otu0329";3,08031787405647;1,63911362831369;2,34663727135185;0,698494670788821;0,484867889499938;0,998932861296266
"Otu0331";0,635374858038929;2,82831833815828;2,74094724831903;1,03187623909684;0,302130098308211;0,998932861296266
"Otu0332";1,2282588417226;-1,25828528892107;2,15361568649243;-0,584266402224449;0,559041092749431;0,998932861296266
"Otu0334";5,83983901921023;-2,37717370284801;2,39093156146449;-0,994245816635563;0,320103207456277;0,998932861296266
"Otu0337";0,338253243186708;0,131378960070189;3,03503461574103;0,0432874667685171;0,965472381928348;0,998932861296266
"Otu0338";0,478731785358319;1,32239427727191;3,01320506779613;0,438866339169911;0,660758388222943;0,998932861296266
"Otu0340";2,51123599649333;1,2935677533622;2,22236647178565;0,582067705657397;0,56052107681808;0,998932861296266
"Otu0342";0,331297193271588;-0,294347231028175;3,01765827695558;-0,0975416047853943;0,922296295892068;0,998932861296266
"Otu0344";1,22471003146672;3,82390527454213;2,33742060547559;1,63595087062394;0,101849870045813;0,998932861296266
"Otu0345";4,11391675683342;-0,293433734573359;1,79408681030599;-0,163556040258338;0,870080653367902;0,998932861296266
"Otu0346";1,68449037532595;1,23955426521373;2,33194078631336;0,531554777243457;0,59503439307934;0,998932861296266
"Otu0347";0,914174546361106;-0,0376200958633338;1,94056163801315;-0,0193861896094428;0,984533027434709;0,998932861296266
"Otu0350";3,67583270059221;-0,524174923337976;1,717272043934;-0,305236974647985;0,760185673547624;0,998932861296266
"Otu0353";7,48614761339044;0,75096774037508;1,88375122422056;0,398655475690962;0,690147079135964;0,998932861296266
"Otu0355";1,28748445043701;-1,97401126951754;1,91460890036765;-1,03102585031255;0,302528697611012;0,998932861296266
"Otu0356";3,68814055029805;-2,80439178220738;2,71164259170231;-1,03420406169636;0,301040775735218;0,998932861296266
"Otu0360";1,17336319490651;0,243392621600955;2,74086900642809;0,0888012601222943;0,92923985621663;0,998932861296266
"Otu0365";0,857887240418729;2,91382736774383;2,68077130093898;1,08693619881831;0,277065007115535;0,998932861296266
"Otu0366";0,673326245848808;-0,746270004851373;2,3959588496865;-0,311470292968103;0,755443123255784;0,998932861296266
"Otu0367";0,957463570716638;1,68880586182767;2,99711367649702;0,5634774133097;0,573109836119244;0,998932861296266
"Otu0368";0,208305649499255;0,297272227819181;3,03555054940261;0,0979302511953504;0,921987678454503;0,998932861296266
"Otu0369";0,357211270044741;1,68050830428327;3,01439840221009;0,557493761624594;0,577190120179345;0,998932861296266
"Otu0375";1,14886254990033;-3,5428403598134;2,87475559659385;-1,23239706499263;0,217800796759995;0,998932861296266
"Otu0376";0,174083799485475;1,44059044123203;3,01812226994861;0,477313479170794;0,633138914037354;0,998932861296266
"Otu0380";0,917973821337814;-1,04425123564948;2,74680269237333;-0,380169729172362;0,703819427933702;0,998932861296266
"Otu0381";2,15923287656734;-0,678642175274693;2,14035631516515;-0,317069718937115;0,751190701104189;0,998932861296266
"Otu0386";4,31430843413215;0,723526298664428;2,20083283742191;0,328751137461207;0,742343798573244;0,998932861296266
"Otu0388";0,848048792740128;-2,57638595090544;2,4786568610475;-1,0394282449474;0,298605613611806;0,998932861296266
"Otu0392";0,100252155464704;0,111148941956449;3,03525475476157;0,036619312359888;0,970788544820522;0,998932861296266
"Otu0395";1,03124533680312;1,7267855256202;2,51377940203043;0,686928027266612;0,492128084141241;0,998932861296266
"Otu0397";0,420132533367754;1,16453741927252;2,92620533523968;0,397968456023316;0,69065343785036;0,998932861296266
"Otu0402";1,98791401611172;-2,11835227599593;2,28110199694428;-0,928653027718019;0,353068931120618;0,998932861296266
"Otu0405";1,05373567762134;-2,21631727764853;2,30348918887713;-0,962156578963112;0,335970956755865;0,998932861296266
"Otu0409";1,36731277126405;3,19577587087805;2,12460366349674;1,5041750731138;0,132536294221311;0,998932861296266
"Otu0410";0,880107653824108;-2,58241850640202;2,51082087443738;-1,02851562717738;0,303707343730863;0,998932861296266
"Otu0414";1,94267140664426;-1,16956454824401;2,52792371887173;-0,462658164687822;0,64360940976954;0,998932861296266
"Otu0420";3,51458410415291;0,657752753002748;2,17492213686689;0,302425885438952;0,76232742430752;0,998932861296266
"Otu0421";0,464702824165344;-1,67048804704102;3,01786250115177;-0,553533517979521;0,579898135583549;0,998932861296266
"Otu0422";0,100376379200849;-0,560936166080757;3,0333654887034;-0,184922050497952;0,85329017546611;0,998932861296266
"Otu0423";1,32000517767921;3,48138300935995;2,23417162168662;1,55824332184999;0,119175578985611;0,998932861296266
"Otu0424";2,64986961135296;1,62714603583643;2,33801589873691;0,695951655724618;0,486459106049862;0,998932861296266
"Otu0425";1,36373413768915;1,16345024314053;2,01677615840605;0,576886154812568;0,564016364030283;0,998932861296266
"Otu0426";0,163608552345215;-0,642985067059234;3,032361760546;-0,212041015496601;0,832075036038946;0,998932861296266
"Otu0427";3,72755253385436;-0,536177551163301;1,8631501922026;-0,287780101361253;0,773515070127157;0,998932861296266
"Otu0432";0,250337985186994;0,939104315976742;3,02805842351275;0,310134146912304;0,756458946094425;0,998932861296266
"Otu0434";0,724334231357996;1,32133409961874;2,99544205796406;0,441114891909085;0,659129823011481;0,998932861296266
"Otu0435";1,6330703056326;-2,14706551299747;2,33518342326869;-0,919441912615197;0,357864475273693;0,998932861296266
"Otu0438";0,502822347584187;-0,0477982075576676;2,66240516928502;-0,0179530178611032;0,985676333678453;0,998932861296266
"Otu0439";1,10884725492594;2,54408132855734;2,50167199556287;1,01695239546579;0,309176076162229;0,998932861296266
"Otu0441";1,16501872657569;2,53190730974008;2,5105812208496;1,00849448275697;0,313217135056082;0,998932861296266
"Otu0443";0,31942355138483;0,228407726937223;3,02096256740361;0,0756075991810551;0,9397312905006;0,998932861296266
"Otu0444";3,545802687034;-0,0359023977500657;1,85574186622114;-0,019346655051316;0,984564565533387;0,998932861296266
"Otu0447";1,61468316204029;0,955415258737052;1,71329571462451;0,557647608980591;0,577085039647288;0,998932861296266
"Otu0448";2,22927354492421;1,00577923555243;2,55159334498526;0,394176931652969;0,693450415713529;0,998932861296266
"Otu0450";2,34650661930584;2,81461205210838;2,36778097514999;1,18871301089413;0,234552618937361;0,998932861296266
"Otu0453";0,590348318810439;2,40514848160666;2,5362355690277;0,948314309198301;0,342969468432505;0,998932861296266
"Otu0454";3,03947050458836;-1,14159333741297;2,55559743217543;-0,44670311647684;0,65508943136825;0,998932861296266
"Otu0456";0,854380651320945;-0,615267971291227;1,96631883282484;-0,312903462561728;0,754354006842716;0,998932861296266
"Otu0460";3,13015078714428;5,12925975949337;2,35044316178905;2,18225219944873;0,0290909247262511;0,998932861296266
"Otu0461";3,84807140781957;4,39482376311684;2,51845807442989;1,74504543384615;0,0809769606555908;0,998932861296266
"Otu0462";3,21487621456868;0,271314163223296;1,73884958690873;0,156030840888101;0,876008711420663;0,998932861296266
"Otu0463";0,664086089202691;1,32239427727183;3,01320506779613;0,438866339169884;0,660758388222962;0,998932861296266
"Otu0465";0,201631543883183;1,76590667438256;3,01320833335175;0,586055286930077;0,557838362345381;0,998932861296266
"Otu0466";3,01114992149802;0,0523019025973967;2,0982989901581;0,0249258579652921;0,980114101965471;0,998932861296266
"Otu0467";1,44604845839011;0,446441090409926;2,12049911954167;0,210535852760185;0,833249472210977;0,998932861296266
"Otu0471";1,22414218153726;3,69592823984128;2,87818755461561;1,28411653851894;0,199101182111239;0,998932861296266
"Otu0473";1,85708185321503;-2,07700848735632;1,78892287814057;-1,16103858513744;0,245626208357393;0,998932861296266
"Otu0474";0,347858629249424;-0,29454512983678;3,03080167678127;-0,0971839009108604;0,922580352734419;0,998932861296266
"Otu0477";1,00507220602562;-1,61588331686877;2,49581332237203;-0,647437571706294;0,517348786010606;0,998932861296266
"Otu0481";0,223994220740083;0,131378960534214;3,03503461574241;0,043287466921387;0,96547238180649;0,998932861296266
"Otu0483";2,55136562093876;-0,818053978574071;2,30804882671856;-0,354435300113269;0,723012683696638;0,998932861296266
"Otu0486";0,968742845630223;2,62203387988909;2,71668931984156;0,965157797300875;0,334465781483795;0,998932861296266
"Otu0487";0,524464767262096;-1,55984218982434;3,01114482506351;-0,51802297147612;0,604442242023384;0,998932861296266
"Otu0494";2,42373349987017;-0,28708325039431;2,93553619160209;-0,0977958477281222;0,922094404612617;0,998932861296266
"Otu0496";0,669505190699709;-1,60862448066946;2,58732299272977;-0,621733152447375;0,534117348376011;0,998932861296266
"Otu0499";0,473693355529765;2,36724656612801;3,00391366639202;0,788054128390213;0,430665045247938;0,998932861296266
"Otu0500";0,467436075381329;0,654331318100703;3,02520937246968;0,216292903246736;0,828759440536632;0,998932861296266
"Otu0501";0,576502831078512;-0,370312483492639;2,62670062196554;-0,1409800874892;0,887885673098721;0,998932861296266
"Otu0502";0,697875937240722;-0,185036500289034;2,81640716278801;-0,0656994850509695;0,947617082399029;0,998932861296266
"Otu0503";2,30956326045258;-3,2945797608625;2,94465927906955;-1,11883224802277;0,263211711365717;0,998932861296266
"Otu0508";1,07291676492881;-3,45270901190224;2,91733233821772;-1,18351583282815;0,236604775440632;0,998932861296266
"Otu0509";2,67008611719145;-0,552632167126323;2,56716033137869;-0,215269829613459;0,829556950675486;0,998932861296266
"Otu0513";0,148799964372977;-0,0300913641731296;3,02197377487804;-0,00995751995708304;0,992055179853645;0,998932861296266
"Otu0518";0,731553270829432;1,30544783004806;2,76056089200667;0,47289224223528;0,636290059920787;0,998932861296266
"Otu0520";2,82527064697003;1,73440399445737;2,05165521862379;0,84536815870104;0,397905316715351;0,998932861296266
"Otu0526";0,370680238693025;-2,04505910126984;3,00974089884626;-0,679480118057266;0,496833700957141;0,998932861296266
"Otu0528";1,57952615546392;2,64990450390692;2,73880361550531;0,967540895924375;0,333273707438338;0,998932861296266
"Otu0530";1,77864805664673;-1,47352500781519;1,94945653079114;-0,755864511232363;0,449730433500423;0,998932861296266
"Otu0531";0,398740402275039;1,61367963540843;2,91275469590372;0,554004646418658;0,579575665846204;0,998932861296266
"Otu0537";0,430020095785238;-0,624981344568059;2,94811010334464;-0,211993895295503;0,832111796937966;0,998932861296266
"Otu0538";1,8605032130057;0,687624672188463;2,50004768946891;0,275044622182602;0,783281956283915;0,998932861296266
"Otu0541";0,222766121547461;0,846941614680527;3,03025781115146;0,279494903556968;0,779865048623239;0,998932861296266
"Otu0542";2,12023702570151;2,58425320573493;2,3307906363496;1,10874531819052;0,267540065880613;0,998932861296266
"Otu0543";1,42872692923429;2,11929424303591;2,69698135099557;0,785802334989669;0,431983298427832;0,998932861296266
"Otu0549";0,729257698845069;-2,96098258197659;2,68569867640015;-1,10249992227178;0,270244392275063;0,998932861296266
"Otu0550";0,53823724612159;-2,5526449645806;2,99884161139628;-0,851210332309637;0,394652524250396;0,998932861296266
"Otu0551";1,26689887137973;2,81353289168847;2,66144752002723;1,05714385518287;0,290445938901038;0,998932861296266
"Otu0553";0,906654622956431;-2,51908290782657;2,72508796730938;-0,924404253384084;0,355275881026838;0,998932861296266
"Otu0555";0,713846972359016;-2,91386469175599;2,98166712502147;-0,977260227107009;0,328440338077026;0,998932861296266
"Otu0556";0,163608552345215;-0,642985067059234;3,032361760546;-0,212041015496601;0,832075036038946;0,998932861296266
"Otu0559";2,6173191048512;4,83277267399734;2,36365811621857;2,04461577621425;0,0408927529155506;0,998932861296266
"Otu0560";0,413382741694492;1,01244544391526;3,02639800083623;0,334538102270588;0,737973543965249;0,998932861296266
"Otu0562";0,205790031676694;-1,15017621886033;3,02574053267138;-0,380130485889634;0,703848556865032;0,998932861296266
"Otu0565";0,914998089906295;2,56842882922632;2,72110147942628;0,943893070010698;0,345224293697551;0,998932861296266
"Otu0567";0,562144051927906;-0,314775851606907;3,03102212961075;-0,103851386808361;0,917287286124312;0,998932861296266
"Otu0568";0,412082985719515;1,26017518852501;3,00311287760121;0,419622984511856;0,674760894866611;0,998932861296266
"Otu0569";0,986823279342778;1,03311568318773;2,74073176116295;0,376948849145805;0,706211618094841;0,998932861296266
"Otu0575";1,46912504351584;0,0309136673794099;2,2988266922463;0,0134475850152943;0,989270702913807;0,998932861296266
"Otu0579";0,270786061559967;0,131378960534215;3,03503461574241;0,0432874669213874;0,96547238180649;0,998932861296266
"Otu0582";3,32420605095079;-4,59408183045522;2,65903162594748;-1,72772741235006;0,0840371065312752;0,998932861296266
"Otu0585";0,829928140787346;2,42688568496134;2,99623074570638;0,809979567975224;0,417951918897223;0,998932861296266
"Otu0588";1,07419716075623;-1,94273287005199;2,49436778860269;-0,778847802208144;0,436069375075391;0,998932861296266
"Otu0589";0,52977811400816;-2,54051276902989;2,796740211606;-0,908383538266154;0,363675619971968;0,998932861296266
"Otu0590";0,6785378703307;-2,51903535166705;2,74988211488375;-0,916052123846603;0,359639556860729;0,998932861296266
"Otu0592";0,251186175246022;-1,52764778618775;3,02053644510997;-0,505753800342617;0,613029494753907;0,998932861296266
"Otu0593";2,45107461026874;4,74851846636898;2,54006855388853;1,86944500340339;0,0615609283655739;0,998932861296266
"Otu0596";0,212550266527083;-0,294545134912281;3,0308016767207;-0,0971839025874422;0,922580351403003;0,998932861296266
"Otu0601";0,268013972100903;-0,217060777690643;3,03659247537844;-0,0714816951733346;0,943014392422838;0,998932861296266
"Otu0602";0,0116556356778928;-0,0511677068167167;3,03710813333231;-0,0168475090679684;0,986558268509979;0,998932861296266
"Otu0604";0,361108046697541;0,65320796769539;2,97747860934442;0,219382925420651;0,826351769616968;0,998932861296266
"Otu0605";0,844322250737547;0,696399471287612;2,76698242028651;0,251681928364223;0,801286926522223;0,998932861296266
"Otu0606";0,966945947515985;-0,876332854080858;2,72087675382694;-0,322077379230164;0,747394074710773;0,998932861296266
"Otu0608";0,899968727099278;0,497366327205791;2,19388696332732;0,226705539309768;0,820652719513581;0,998932861296266
"Otu0610";1,79756157189463;-3,68955991308957;2,44931365636685;-1,5063648150978;0,131973547812488;0,998932861296266
"Otu0611";0,393300027642724;1,01244566622982;3,02639799591992;0,334538176272508;0,73797348813355;0,998932861296266
"Otu0612";0,981404597327372;-2,59409686312821;2,46993631653234;-1,05026872383908;0,293594580559261;0,998932861296266
"Otu0616";0,621447353290288;2,13787290512934;2,54590234573805;0,839730914545186;0,401059276455085;0,998932861296266
"Otu0618";0,518351957287897;0,579273515906118;2,83266437632806;0,204497758628582;0,837964543343351;0,998932861296266
"Otu0622";0,508625422665889;-0,611891058278029;3,00980387801101;-0,203299312207142;0,838901093082126;0,998932861296266
"Otu0626";1,52230767310659;0,301298721962247;2,53242915194719;0,118976170263471;0,90529423503879;0,998932861296266
"Otu0629";1,86486614601824;-4,22273713768183;2,60570036741648;-1,62057663670233;0,105108466183427;0,998932861296266
"Otu0630";1,43547696500165;-3,73966574227269;2,66934483177806;-1,40096764485152;0,161223748675028;0,998932861296266
"Otu0632";0,389299225080462;-1,30702901462145;3,02372891448235;-0,432257339062821;0,665554389423636;0,998932861296266
"Otu0633";0,843546256769028;-2,56340359106776;2,47168572531481;-1,03710741410754;0,299685800276783;0,998932861296266
"Otu0634";1,3861750132809;-2,42618324992305;2,47718592598353;-0,979411042374531;0,327376923216583;0,998932861296266
"Otu0636";1,68950129417313;-2,13683428997967;2,69111353569981;-0,794033496406907;0,427175931328088;0,998932861296266
"Otu0638";0,308442389760756;-0,642985076249222;3,03236176043639;-0,212041018534902;0,832075033668622;0,998932861296266
"Otu0640";0,320246187553102;0,389129208813177;3,03158162787327;0,128358479691065;0,897865287694048;0,998932861296266
"Otu0641";0,578423939426295;-0,878041908653985;2,39140216058724;-0,367166143413691;0,713495091955294;0,998932861296266
"Otu0643";0,175974280727578;0,846941614680527;3,03025781115146;0,279494903556968;0,779865048623239;0,998932861296266
"Otu0644";0,445834294120386;0,226730284890892;2,89608011246788;0,0782886785192156;0,937598423054623;0,998932861296266
"Otu0645";0,45564818305392;-0,21385494963828;2,66023280686592;-0,0803895618031368;0,935927428510948;0,998932861296266
"Otu0647";0,074136047738605;-0,21706074007856;3,03659247548934;-0,0714816827844445;0,94301440228252;0,998932861296266
"Otu0651";0,321533118533604;1,95699246899974;3,00594219364435;0,651041285204198;0,515019836626927;0,998932861296266
"Otu0652";0,552831497920285;-0,328922020463276;2,04903109117275;-0,160525636668119;0,872467028340956;0,998932861296266
"Otu0657";0,497183394285472;0,150327036394579;2,64483207752346;0,0568380267587123;0,954674221912945;0,998932861296266
"Otu0663";1,13494488359342;2,15657032155128;2,9443058068712;0,732454596434393;0,463891145637555;0,998932861296266
"Otu0667";1,78975871593739;0,148450347540858;1,59975450092956;0,092795705500187;0,926065862805235;0,998932861296266
"Otu0668";1,55680258837765;-3,2973089388576;2,92442464366892;-1,1275068913114;0,259528228514028;0,998932861296266
"Otu0676";0,441151384524315;0,310041327177697;2,69532850684919;0,115029142603524;0,908422022899153;0,998932861296266
"Otu0682";1,24821982607194;0,212185705823445;2,35853438315727;0,0899650678568445;0,928314974038399;0,998932861296266
"Otu0684";0,892843854954216;-3,06880112383316;2,67735159418984;-1,14620774144599;0,251709205486242;0,998932861296266
"Otu0686";1,3882637267562;3,00139964743716;2,65766676398192;1,12933633671222;0,258755977877362;0,998932861296266
"Otu0690";0,746745757459222;0,896469783241533;3,00894130526581;0,297935284305036;0,76575255718291;0,998932861296266
"Otu0691";1,05213416282304;0,874024816392738;2,34422637838483;0,37284147318355;0,709266433676965;0,998932861296266
"Otu0693";0,235541864479475;0,33692047236363;3,00977342614166;0,111942138048425;0,910869285223674;0,998932861296266
"Otu0695";0,286122518427971;0,131378960469057;3,03503461574221;0,0432874668999216;0,965472381823601;0,998932861296266
"Otu0700";0,571950003364256;-0,874791884491522;2,5973947295718;-0,336795895722687;0,736270767251693;0,998932861296266
"Otu0707";0,993332154826459;1,66511932524941;2,18963040276801;0,76045679816304;0,446981583544025;0,998932861296266
"Otu0710";0,358149630853747;0,470731734383904;2,99990110374462;0,15691575092136;0,875311246198422;0,998932861296266
"Otu0714";0,807508033301568;-2,49534126255134;2,48638103295509;-1,00360372343478;0,31556965914603;0,998932861296266
"Otu0716";0,833628466627484;0,429036314136636;2,55553105657879;0,167885384539606;0,866673448375327;0,998932861296266
"Otu0721";0,55030965066218;-0,291159608674835;2,82749979366205;-0,10297422808924;0,91798342520356;0,998932861296266
"Otu0722";0,346547025065919;-0,801736123496546;3,02417699170213;-0,265108862905969;0,790925599942567;0,998932861296266
"Otu0724";0,146322659407691;1,49589206676063;3,01721131246046;0,495786311214897;0,620045183782791;0,998932861296266
"Otu0730";0,134421029255455;1,41940008462419;3,01848013769248;0,470236681997606;0,638185929364456;0,998932861296266
"Otu0734";0,61921032752993;1,92020773153879;3,00390355592825;0,639237477431402;0,522668454945301;0,998932861296266
"Otu0736";0,667462413087008;-1,84410987451843;2,32497047842446;-0,79317560873638;0,427675516308142;0,998932861296266
"Otu0750";1,43348326725236;-2,6348402284436;2,26680402428242;-1,16235907481137;0,245089639714916;0,998932861296266
"Otu0762";0,298130268478689;-0,294545131830201;3,03080167675748;-0,0971839015693439;0,922580352211501;0,998932861296266
"Otu0765";0,471648350821022;1,81119942844775;3,01260385638725;0,601207299329348;0,547701923365207;0,998932861296266
"Otu0777";0,24284883559923;0,846941614680527;3,03025781115146;0,279494903556968;0,779865048623239;0,998932861296266
"Otu0778";1,44840748712322;0,00287147226385393;2,14695868028401;0,0013374604226077;0,998932861296266;0,998932861296266
"Otu0780";0,614218940842687;-0,390111967819192;2,18745195270103;-0,178340816737706;0,858455325460443;0,998932861296266
"Otu0781";0,451477402416245;0,579695138871119;2,87733928071069;0,201469163806062;0,840331738781906;0,998932861296266
"Otu0784";0,298130268478689;-0,294545131830201;3,03080167675748;-0,0971839015693439;0,922580352211501;0,998932861296266
"Otu0787";1,85873362017522;-2,940133877527;2,70443279202658;-1,08715361172788;0,276968927835032;0,998932861296266
"Otu0788";0,327775915197656;-0,29454512983678;3,03080167678127;-0,0971839009108604;0,922580352734419;0,998932861296266
"Otu0793";0,416272702781885;-0,163201098614574;3,01593834065154;-0,0541128763857015;0,956845233407251;0,998932861296266
"Otu0797";1,03973267103387;0,881940477378638;2,74783447036641;0,320958371725002;0,74824193777659;0,998932861296266
"Otu0798";0,878046727616757;1,30389441994902;2,74029384553357;0,475822847273933;0,634200591416562;0,998932861296266
"Otu0799";2,11374622249677;0,897833308866187;2,15256629935451;0,417099026931445;0,676605976645057;0,998932861296266
"Otu0802";0,366590900874609;1,01244544275671;3,02639800086185;0,334538101884942;0,737973544256205;0,998932861296266
"Otu0804";0,686324996892151;1,07887450802822;2,55498682314673;0,422262259145223;0,672833602339314;0,998932861296266
"Otu0805";0,523710566743041;1,32239427727183;3,01320506779613;0,438866339169884;0,660758388222962;0,998932861296266
"Otu0807";0,417512902386662;1,35914687417796;2,68157310553601;0,506846847237558;0,612262282885322;0,998932861296266
"Otu0814";4,75394612544568;5,32471226053129;2,45971701854795;2,16476619886731;0,0304055945720647;0,998932861296266
"Otu0815";0,877871658835516;-0,163677190546319;2,74333006018213;-0,0596636886395845;0,952423492458025;0,998932861296266
"Otu0821";0,599005651937086;2,69627246913206;3,00008516999578;0,89873197471119;0,368795441362533;0,998932861296266
"Otu0831";0,923643478982372;-3,12276208342692;2,93953792366728;-1,0623309392556;0,288085473476563;0,998932861296266
"Otu0838";0,248816995715422;1,53558225795362;3,01657751262319;0,509047837003295;0,610718693615727;0,998932861296266
"Otu0849";0,875349105931962;-0,587761098694687;2,31844751664289;-0,253514946737187;0,799870312513576;0,998932861296266
"Otu0850";0,223994220740083;0,131378960534214;3,03503461574241;0,043287466921387;0,96547238180649;0,998932861296266
"Otu0851";0,166378722629738;0,8328553192959;3,02147747722669;0,275645052982605;0,782820702388223;0,998932861296266
"Otu0856";0,445983497643722;1,56655783476958;2,65832450860426;0,589302709168527;0,555658227824863;0,998932861296266
"Otu0861";1,58749323345232;0,372253062917375;2,53081095339436;0,147088451003463;0,883062205493302;0,998932861296266
"Otu0864";0,238595655629587;1,16089388412965;3,01564781025223;0,384956718149573;0,700269482864154;0,998932861296266
"Otu0868";1,63622051831447;1,6828314374884;2,51341505248632;0,669539810316529;0,503151194495919;0,998932861296266
"Otu0876";0,571432997094724;-2,62111325164202;2,99763337779994;-0,874394204125702;0,381903612652447;0,998932861296266
"Otu0881";0,299646639972229;2,1633554582217;3,00674241686728;0,719501426555752;0,471832023576349;0,998932861296266
"Otu0882";0,434687538039519;-0,364617732309241;2,67488298665795;-0,13631165704366;0,891574908911978;0,998932861296266
"Otu0886";1,42191688255236;3,23202244644378;2,70090496932606;1,19664426669934;0,23144523880069;0,998932861296266
"Otu0895";0,300959150990247;0,979807527456867;3,00515860569781;0,326041868671804;0,74439267778622;0,998932861296266
"Otu0899";2,74570267169718;-4,73725535267606;2,86290142118594;-1,65470432115461;0,0979844901165519;0,998932861296266
"Otu0902";1,1446454266842;-3,53484025546057;2,8763077145394;-1,22895065698025;0,219090306834184;0,998932861296266
"Otu0931";0,857964013564989;1,32001053368887;2,97367976941258;0,443898010561382;0,657116322964931;0,998932861296266
"Otu0933";0,411543306305178;1,2438253558605;2,93060663377767;0,424425899240239;0,671255235896843;0,998932861296266
"Otu0936";0,804125614969395;-0,803146381924432;2,35149749960641;-0,34154677266672;0,732691999853579;0,998932861296266
"Otu0941";0,135802221773952;0,131378960576152;3,03503461574253;0,0432874669352031;0,965472381795477;0,998932861296266
"Otu0943";0,745520433044747;-2,75392326347089;2,97230142560228;-0,926528931335709;0,354171169043657;0,998932861296266
"Otu0947";0,378064669181255;1,81119942844775;3,01260385638725;0,601207299329347;0,547701923365207;0,998932861296266
"Otu0949";0,244507959901366;-1,15017622095547;3,02574053264314;-0,380130486585618;0,703848556348423;0,998932861296266
"Otu0950";1,19222739030308;-2,36848472483606;2,46599953935443;-0,960456272208432;0,336825628588666;0,998932861296266
"Otu0961";0,342575547612392;0,626966050162036;3,02582009330703;0,207205329738161;0,83584950511079;0,998932861296266
"Otu0962";0,265796401243814;-1,70504589442933;3,01719248533917;-0,565110082540082;0,571998891018899;0,998932861296266
"Otu0967";3,70485136460655;4,86708586455021;2,48668479107393;1,95725887013136;0,0503170405349193;0,998932861296266
"Otu0982";0,283943242500858;1,29045178608533;3,02076749504301;0,427193350101562;0,669238504465264;0,998932861296266
"Otu0988";0,775477060575588;-3,04299674749956;2,95084262681278;-1,03122976462703;0,30243308581054;0,998932861296266
"Otu0989";0,58724845402092;0,349868627057482;2,62487098247081;0,133289837631619;0,893964164283475;0,998932861296266
"Otu0992";0,399139873477197;-1,15017623877423;3,02574053240301;-0,380130492504846;0,703848551954753;0,998932861296266
"Otu0994";0,92461332948412;1,65522843977864;2,74745083872634;0,602459711543363;0,546868173393387;0,998932861296266
"Otu1004";0,175200596934782;-0,581341386638242;3,0273655527348;-0,192028804091096;0,847719642878207;0,998932861296266
"Otu1007";0,465871734062697;-1,63677202675766;2,64867866629331;-0,617957945441619;0,536603060646792;0,998932861296266
"Otu1012";0,939794300769759;-1,98603032647341;2,11498371763615;-0,939028660084975;0,347716029740882;0,998932861296266
"Otu1020";0,472287764604328;2,13475145547907;3,00115397923178;0,711310206091296;0,476892028453339;0,998932861296266
"Otu1022";1,59499384875648;-1,9882792443165;2,74183583700472;-0,725163489907759;0,468351738203793;0,998932861296266
"Otu1026";1,05995666173712;-1,21023131080492;2,73337890172547;-0,442760171317981;0,657939214668728;0,998932861296266
"Otu1029";0,541877067410874;-2,58361511545771;2,99828823976573;-0,861696711207318;0,388854435856021;0,998932861296266
"Otu1032";1,28372115965587;-1,30000294134923;2,29836361335381;-0,565621093980095;0,571651385171048;0,998932861296266
"Otu1033";0,975018764836865;3,41208367010197;2,8953595165878;1,17846631844985;0,238610752357255;0,998932861296266
"Otu1037";0,60401784090014;2,48439633766564;3,00245331734342;0,827455442292718;0,407978967235269;0,998932861296266
"Otu1039";0,267643330394897;-0,208185230514862;3,00786948068963;-0,0692135186886934;0,944819662556439;0,998932861296266
"Otu1040";0,446713633567113;-2,32886618003514;3,00319843419337;-0,775461971982765;0,438066727950039;0,998932861296266
"Otu1046";0,507344649708991;-0,291466396409966;2,84422074764624;-0,102476714105673;0,918378294983623;0,998932861296266
"Otu1049";0,595828725541637;-2,24763791479161;3,00494722818088;-0,747979163731361;0,454472725614127;0,998932861296266
"Otu1062";0,531913338793071;-0,910457008121607;2,84027627863293;-0,320552269851659;0,748549713301175;0,998932861296266
"Otu1063";0,579800302567309;-0,245630251274788;2,8304617626733;-0,0867809819987804;0,9308456047519;0,998932861296266
"Otu1085";0,440018392185173;2,56211960775225;3,00154545333068;0,853600136192901;0,393326583051615;0,998932861296266
"Otu1086";0,190692404517533;-1,3179090273163;3,02359671446138;-0,435874606230702;0,662927710227436;0,998932861296266
"Otu1087";0,472746128402809;-0,349165467739117;2,88303166979389;-0,121110521052333;0,903603495926053;0,998932861296266
"Otu1102";0,235541864479475;0,33692047236363;3,00977342614166;0,111942138048425;0,910869285223674;0,998932861296266
"Otu1106";1,62009378525021;2,73682579049653;2,72495670292897;1,00435569767212;0,315207195898712;0,998932861296266
"Otu1128";0,299152187945613;0,822740244945086;3,01002595788259;0,273333272356177;0,784597041118313;0,998932861296266
"Otu1151";1,05562668184114;3,00566331640817;2,46047063044163;1,22158065177502;0,221866249065591;0,998932861296266
"Otu1152";0,291294303384619;1,36364891222528;3,01944560488353;0,451622281262417;0,651541115688292;0,998932861296266
"Otu1163";0,520963939467388;-0,549906871788992;2,85896968754996;-0,192344421902648;0,847472424313987;0,998932861296266
"Otu1173";0,349424063010616;1,59575153856398;3,01564757224251;0,529157171166836;0,596696424359409;0,998932861296266
"Otu1199";0,134421029255455;1,41940008462419;3,01848013769248;0,470236681997606;0,638185929364456;0,998932861296266
"Otu1204";2,65686374993655;4,8501768244063;2,81884688917161;1,72062443087558;0,0853189972499696;0,998932861296266
"Otu1210";0,50325077329795;1,55468921990049;3,00958742502444;0,51657885295951;0,605450180950001;0,998932861296266
"Otu1220";1,04107682338901;-2,08907575458344;2,97414677374187;-0,702411788492572;0,482422395709184;0,998932861296266
"Otu1221";0,26009615696824;2,01449235628039;3,00906204950356;0,669475179686888;0,503192408452288;0,998932861296266
"Otu1222";0,256377159682421;-1,64320808526513;3,01840205807175;-0,544396688595842;0,586168524028203;0,998932861296266
"Otu1231";1,06358092531388;3,47319280332595;2,90661869125009;1,1949255035693;0,232116137499567;0,998932861296266
"Otu1233";0,628567797467851;-0,631927122211568;2,56706915099169;-0,246166770368241;0,805553137580606;0,998932861296266
"Otu1245";0,690755439594591;2,67992081910676;2,71150348491428;0,98835234179737;0,322980119377526;0,998932861296266
"Otu1249";1,20624260814412;3,69551090123681;2,86031030409049;1,2919964998035;0,196358356744072;0,998932861296266
"Otu1253";1,0866826522741;-1,94808014841609;2,72891489722172;-0,713866214882484;0,475309910366713;0,998932861296266
"Otu1268";0,362107141642567;-2,01703854659599;3,01042838088732;-0,67001711763077;0,502846878203897;0,998932861296266
"Otu1272";0,989364709816989;3,44840794573541;2,91402809941549;1,18338184399358;0,236657849566807;0,998932861296266
"Otu1281";1,31560531268354;2,85413789575844;2,6702700561561;1,06885739484605;0,285133932406092;0,998932861296266
"Otu1286";0,272947412233611;-0,719947713817245;3,02530884882108;-0,237974947284407;0,811900525243742;0,998932861296266
"Otu1288";0,917458981849773;-2,65718391870506;2,72599100922681;-0,974758871071527;0,329679882999254;0,998932861296266
"Otu1313";0,240909565306391;-0,491208661976786;2,93756063131627;-0,167216518610778;0,86719968743905;0,998932861296266
"Otu1314";0,936824479272617;-2,46237593522185;2,71511235171799;-0,906914932512382;0,364451783963495;0,998932861296266
"Otu1318";0,417872145102382;0,131378960070189;3,03503461574103;0,0432874667685171;0,965472381928348;0,998932861296266
"Otu1332";0,896293688847876;-1,81536067264372;2,53120295374774;-0,717192854866051;0,473255107437123;0,998932861296266
"Otu1337";0,266889284907167;1,01244544275671;3,02639800086185;0,334538101884942;0,737973544256205;0,998932861296266
"Otu1351";0,297161561405948;1,36904600487957;3,01254639639177;0,454448106266288;0,649506334481019;0,998932861296266
"Otu1360";0,0637396890156386;-0,539653074653797;3,03363422338126;-0,177889961319168;0,858809394811759;0,998932861296266
"Otu1372";0,444646299819329;0,568022759493222;2,99959424224308;0,18936653214418;0,849805553347984;0,998932861296266
"Otu1380";0,594674459433109;-1,93726441424671;3,00254102097527;-0,64520830880021;0,518792202478489;0,998932861296266
"Otu1390";0,467070713060124;1,44059044123203;3,01812226994861;0,477313479170794;0,633138914037354;0,998932861296266
"Otu1415";0,173169444357264;0,142210320056403;3,03506667925565;0,0468557481878058;0,962628197159634;0,998932861296266
"Otu1421";0,152857042125338;-1,04486868253085;3,02720808939775;-0,345159186839621;0,729974699614689;0,998932861296266
"Otu1443";0,22378234455644;-0,351857653477343;3,01431993404842;-0,116728702054123;0,907075044801679;0,998932861296266
"Otu1454";0,253233421326187;-1,57076262362079;3,01986645520894;-0,520143074840742;0,602963857782223;0,998932861296266
"Otu1456";0,664995642694061;2,16418620937845;3,00080644170493;0,72120153412789;0,47078552804941;0,998932861296266
"Otu1461";0,781324084995685;0,895362891933296;2,98655638261018;0,29979775273848;0,764331429583727;0,998932861296266
"Otu1463";0,159927731155103;-0,795482592249584;3,03062630879166;-0,262481253443203;0,792950436422528;0,998932861296266
"Otu1468";0,198336416004021;0,113117296820761;3,02361290692429;0,0374113024063743;0,97015706096326;0,998932861296266
"Otu1500";0,557632629944446;-1,01965438828738;2,82904658055347;-0,360423329646236;0,71853058280645;0,998932861296266
"Otu1508";0,37062702334817;1,97354141213344;3,00974100217388;0,655718020490131;0,512005571933293;0,998932861296266
"Otu1510";0,337128555992973;1,68050830428327;3,01439840221009;0,557493761624594;0,577190120179345;0,998932861296266
"Otu1524";0,262212964509509;0,131378960576152;3,03503461574253;0,0432874669352032;0,965472381795477;0,998932861296266
"Otu1529";0,701479427847164;0,654000889761099;3,01096665420717;0,217206287836923;0,828047584674263;0,998932861296266
"Otu1564";0,298503115046609;0,863986565495624;2,82200600273404;0,306160427957477;0,759482500507138;0,998932861296266
"Otu1566";0,20170143196944;-1,45219419431095;3,02175442707518;-0,480579818564727;0,630815161702073;0,998932861296266
"Otu1626";0,685886117203285;-0,294292315268236;3,01404264502458;-0,0976403952857265;0,922217846942054;0,998932861296266
"Otu1632";0,654130704318734;2,32346262119954;2,78576396321127;0,834048631500417;0,404253580042783;0,998932861296266
"Otu1634";0,107741305052469;0,131378960534215;3,03503461574241;0,0432874669213873;0,96547238180649;0,998932861296266
"Otu1642";0,286295994345907;-0,674356964025312;3,01902276529561;-0,223369287498328;0,823248105513316;0,998932861296266
"Otu1650";0,347858629249424;-0,29454512983678;3,03080167678127;-0,0971839009108604;0,922580352734419;0,998932861296266
"Otu1687";0,133951425096465;1,26151928084789;3,02130754410176;0,417540837016292;0,676282860837827;0,998932861296266
"Otu1691";0,464663985922265;0,131378960070189;3,03503461574103;0,0432874667685171;0,965472381928348;0,998932861296266
"Otu1700";0,36500482335034;-0,294545131830202;3,03080167675748;-0,0971839015693442;0,9225803522115;0,998932861296266
"Otu1707";0,256013400529679;-0,801736125374498;3,02417699167681;-0,265108863529168;0,790925599462497;0,998932861296266
"Otu1713";0,211982736696;-1,39357893161322;3,02270236609402;-0,461037430362031;0,644771750916398;0,998932861296266
"Otu1720";0,108135238225942;-0,0138898067993182;3,03400857361597;-0,00457803808469934;0,996347266852716;0,998932861296266
"Otu1729";0,826765483388984;2,51556785100728;2,95260444311429;0,85198268155214;0,394223704285067;0,998932861296266
"Otu1762";0,249087867418802;0,406929527897281;3,01722545777479;0,134868783785681;0,892715620938263;0,998932861296266
"Otu1777";0,573943997917871;2,16698380305032;3,00668867103414;0,72072104568944;0,471081161167188;0,998932861296266
"Otu1785";0,274888806140304;-1,65579291433333;3,01815197031241;-0,548611511487917;0,583272084207932;0,998932861296266
"Otu1794";0,179097373587582;-1,2274160756646;3,02472478874425;-0,405794299115118;0,684893747809909;0,998932861296266
"Otu1825";0,372266316217294;-0,801736125374498;3,02417699167681;-0,265108863529168;0,790925599462497;0,998932861296266
"Otu1826";0,132773465315875;0,539042103900254;3,02785595424448;0,178027657869463;0,858701254849956;0,998932861296266
"Otu1873";0,581737551223471;0,22840772693748;3,02096256740361;0,07560759918114;0,939731290500532;0,998932861296266
"Otu1891";0,273701937747743;0,776262699648444;3,02261450683638;0,256818293531225;0,797319047410944;0,998932861296266
"Otu1913";0,407457651055426;1,07964525421697;2,91622109093802;0,370220645331694;0,711218095015862;0,998932861296266
"Otu1919";0,256013400529679;-0,801736125374498;3,02417699167681;-0,265108863529168;0,790925599462497;0,998932861296266
"Otu1968";0,230294109378304;-0,801736123496545;3,02417699170213;-0,265108862905969;0,790925599942568;0,998932861296266
"Otu1976";0,230255271135226;0,939104315976743;3,02805842351275;0,310134146912304;0,756458946094425;0,998932861296266
"Otu2017";0,317548499814722;1,54742973855579;3,01639149393733;0,513006929526881;0,60794647343103;0,998932861296266
"Otu2073";0,280984074377772;-0,29454512983678;3,03080167678127;-0,0971839009108605;0,922580352734419;0,998932861296266
"Otu2127";0,630115469567623;1,68050831448526;3,01439840206388;0,557493765036055;0,577190117849155;0,998932861296266
"Otu2191";0,220097444087284;1,01244544275671;3,02639800086185;0,334538101884941;0,737973544256205;0,998932861296266
"Otu2212";0,0523564391883438;0,111148969026271;3,03525475484143;0,0366193212773922;0,970788537710152;0,998932861296266
"Otu2288";0,28044488188379;1,26151928084789;3,02130754410176;0,417540837016292;0,676282860837827;0,998932861296266
"Otu2307";0,262212964509509;0,131378960576152;3,03503461574253;0,0432874669352032;0,965472381795477;0,998932861296266
"Otu2318";0,0840882924575286;1,06479590135682;3,02525947749713;0,351968454037452;0,724861920628584;0,998932861296266
"Otu2354";0,107741305052469;0,131378960534215;3,03503461574241;0,0432874669213873;0,96547238180649;0,998932861296266
"Otu2424";0,103844528399669;0,939104315976743;3,02805842351275;0,310134146912304;0,756458946094425;0,998932861296266
"Otu2522";0,179702326810469;0,131378960829708;3,03503461574328;0,0432874670187354;0,96547238172889;0,998932861296266
"Otu2571";0,0435117126832224;0,297272227819181;3,03555054940261;0,0979302511953504;0,921987678454503;0,998932861296266
"Otu2642";0,129900922266463;-0,642985057232907;3,03236176066319;-0,21204101224792;0,832075038573397;0,998932861296266
"Otu2666";0,464663985922265;0,131378960070189;3,03503461574103;0,0432874667685171;0,965472381928348;0,998932861296266
"Otu2757";0,103980201547595;-0,598512950661047;3,03289950539981;-0,197340185388751;0,843561334203492;0,998932861296266
"Otu2758";0,0634494111228541;0,131378960829708;3,03503461574328;0,0432874670187354;0,96547238172889;0,998932861296266
"Otu2816";0,413382741694492;1,01244544391526;3,02639800083623;0,334538102270588;0,737973543965249;0,998932861296266
"Otu2820";0,100376379200849;-0,560936166080757;3,0333654887034;-0,184922050497952;0,85329017546611;0,998932861296266
